supplier_product_id,supplier_id,sku_id,supplier_product_code,supplier_product_name,supplier_description,supplier_base_uom,pack_size,pack_size_uom,conversion_factor,conversion_source,mapping_status,mapping_type,mapping_confidence
SP-001,SUP-001,SKU-002,A-002,FP Item 002,S-PLY-5-FP-002 – PackRight Industries grade,BOX,200.0,buyer units,200.0,MASTER,CONFIRMED,DIRECT,0.73
SP-002,SUP-001,SKU-003,A-003,ST Item 003,FB-38-ST-003 – PackRight Industries grade,BOX,50.0,buyer units,50.0,MASTER,CONFIRMED,DIRECT,0.81
SP-003,SUP-001,SKU-005,A-005,LP Item 005,HS-WRAP-LP-005 – PackRight Industries grade,CARTON,500.0,buyer units,500.0,MASTER,CONFIRMED,DIRECT,0.83
SP-004,SUP-001,SKU-006,A-006,SS Item 006,EK-31-SS-006 – PackRight Industries grade,BAG,1.0,BAG,1.0,MASTER,CONFIRMED,DIRECT,0.8
SP-005,SUP-001,SKU-007,A-007,CB Item 007,S-PLY-3-CB-007 – PackRight Industries grade,BOX,25.0,buyer units,25.0,MASTER,CONFIRMED,DIRECT,0.84
SP-006,SUP-001,SKU-008,A-008,FP Item 008,S-PLY-5-FP-008 – PackRight Industries grade,CARTON,200.0,buyer units,200.0,MASTER,CONFIRMED,DIRECT,0.81
SP-007,SUP-001,SKU-010,A-010,FW Item 010,UV-RES-FW-010 – PackRight Industries grade,REEL,12.0,buyer units,12.0,MASTER,CONFIRMED,DIRECT,0.82
SP-008,SUP-001,SKU-011,A-011,LP Item 011,HS-WRAP-LP-011 – PackRight Industries grade,BOX,500.0,buyer units,500.0,MASTER,CONFIRMED,DIRECT,0.7
SP-009,SUP-001,SKU-013,A-013,CB Item 013,S-PLY-3-CB-013 – PackRight Industries grade,CARTON,100.0,buyer units,100.0,MASTER,CONFIRMED,DIRECT,0.66
SP-010,SUP-001,SKU-015,A-015,ST Item 015,FB-38-ST-015 – PackRight Industries grade,BOX,25.0,buyer units,25.0,MASTER,CONFIRMED,DIRECT,0.72
SP-011,SUP-001,SKU-016,A-016,FW Item 016,UV-RES-FW-016 – PackRight Industries grade,REEL,12.0,buyer units,12.0,MASTER,AI_SUGGESTED,DIRECT,0.92
SP-012,SUP-001,SKU-018,A-018,SS Item 018,EK-31-SS-018 – PackRight Industries grade,BAG,1.0,BAG,1.0,MASTER,CONFIRMED,DIRECT,0.63
SP-013,SUP-001,SKU-020,A-020,FP Item 020,S-PLY-5-FP-020 – PackRight Industries grade,BOX,500.0,buyer units,500.0,MASTER,CONFIRMED,DIRECT,0.75
SP-014,SUP-001,SKU-021,A-021,ST Item 021,FB-38-ST-021 – PackRight Industries grade,BOX,100.0,buyer units,100.0,MASTER,CONFIRMED,DIRECT,0.78
SP-015,SUP-001,SKU-023,A-023,LP Item 023,HS-WRAP-LP-023 – PackRight Industries grade,CARTON,25.0,buyer units,25.0,MASTER,CONFIRMED,DIRECT,0.83
SP-016,SUP-001,SKU-025,A-025,CB Item 025,S-PLY-3-CB-025 – PackRight Industries grade,BOX,200.0,buyer units,200.0,MASTER,CONFIRMED,DIRECT,0.78
SP-017,SUP-001,SKU-026,A-026,FP Item 026,S-PLY-5-FP-026 – PackRight Industries grade,BOX,50.0,buyer units,50.0,MASTER,CONFIRMED,DIRECT,0.95
SP-018,SUP-001,SKU-028,A-028,FW Item 028,UV-RES-FW-028 – PackRight Industries grade,REEL,12.0,buyer units,12.0,MASTER,CONFIRMED,DIRECT,0.98
SP-019,SUP-001,SKU-030,A-030,SS Item 030,EK-31-SS-030 – PackRight Industries grade,BAG,1.0,BAG,1.0,MASTER,CONFIRMED,DIRECT,0.84
SP-020,SUP-001,SKU-031,A-031,CB Item 031,S-PLY-3-CB-031 – PackRight Industries grade,BOX,25.0,buyer units,25.0,MASTER,CONFIRMED,DIRECT,0.7
SP-021,SUP-001,SKU-033,A-033,ST Item 033,FB-38-ST-033 – PackRight Industries grade,CARTON,200.0,buyer units,200.0,MASTER,CONFIRMED,DIRECT,0.95
SP-022,SUP-001,SKU-035,A-035,LP Item 035,HS-WRAP-LP-035 – PackRight Industries grade,BOX,50.0,buyer units,50.0,MASTER,AI_SUGGESTED,DIRECT,0.95
SP-023,SUP-001,SKU-036,A-036,SS Item 036,EK-31-SS-036 – PackRight Industries grade,BAG,1.0,BAG,1.0,MASTER,CONFIRMED,DIRECT,0.8
SP-024,SUP-001,SKU-038,A-038,FP Item 038,S-PLY-5-FP-038 – PackRight Industries grade,CARTON,100.0,buyer units,100.0,MASTER,CONFIRMED,DIRECT,0.92
SP-025,SUP-001,SKU-040,A-040,FW Item 040,UV-RES-FW-040 – PackRight Industries grade,REEL,12.0,buyer units,12.0,MASTER,CONFIRMED,DIRECT,0.96
SP-026,SUP-001,SKU-041,A-041,LP Item 041,HS-WRAP-LP-041 – PackRight Industries grade,BOX,200.0,buyer units,200.0,MASTER,CONFIRMED,DIRECT,0.98
SP-027,SUP-001,SKU-043,A-043,CB Item 043,S-PLY-3-CB-043 – PackRight Industries grade,CARTON,50.0,buyer units,50.0,MASTER,CONFIRMED,DIRECT,0.71
SP-028,SUP-001,SKU-045,A-045,ST Item 045,FB-38-ST-045 – PackRight Industries grade,BOX,500.0,buyer units,500.0,MASTER,CONFIRMED,DIRECT,0.7
SP-029,SUP-001,SKU-046,A-046,FW Item 046,UV-RES-FW-046 – PackRight Industries grade,REEL,12.0,buyer units,12.0,MASTER,CONFIRMED,DIRECT,0.93
SP-030,SUP-001,SKU-048,A-048,SS Item 048,EK-31-SS-048 – PackRight Industries grade,BAG,1.0,BAG,1.0,MASTER,CONFIRMED,DIRECT,0.72
SP-031,SUP-001,SKU-001,A-001,CB Item 001,S-PLY-3-CB-001 – PackRight Industries grade,BOX,200.0,buyer units,200.0,MASTER,CONFIRMED,DIRECT,0.72
SP-032,SUP-001,SKU-004,A-004,FW Item 004,UV-RES-FW-004 – PackRight Industries grade,REEL,12.0,buyer units,12.0,MASTER,CONFIRMED,DIRECT,0.64
SP-033,SUP-002,SKU-002,B-002,FP Item 002,S-PLY-5-FP-002 – CorruCore Packaging Ltd grade,CARTON,500.0,buyer units,500.0,MASTER,AI_SUGGESTED,DIRECT,0.91
SP-034,SUP-002,SKU-003,B-003,ST Item 003,FB-38-ST-003 – CorruCore Packaging Ltd grade,BOX,100.0,buyer units,100.0,MASTER,CONFIRMED,DIRECT,0.71
SP-035,SUP-002,SKU-005,B-005,LP Item 005,HS-WRAP-LP-005 – CorruCore Packaging Ltd grade,BOX,25.0,buyer units,25.0,MASTER,CONFIRMED,DIRECT,0.68
SP-036,SUP-002,SKU-006,B-006,SS Item 006,EK-31-SS-006 – CorruCore Packaging Ltd grade,BAG,1.0,BAG,1.0,MASTER,CONFIRMED,DIRECT,0.85
SP-037,SUP-002,SKU-007,B-007,CB Item 007,S-PLY-3-CB-007 – CorruCore Packaging Ltd grade,BOX,50.0,buyer units,50.0,MASTER,CONFIRMED,DIRECT,0.65
SP-038,SUP-002,SKU-008,B-008,FP Item 008,S-PLY-5-FP-008 – CorruCore Packaging Ltd grade,BOX,500.0,buyer units,500.0,MASTER,CONFIRMED,DIRECT,0.92
SP-039,SUP-002,SKU-010,B-010,FW Item 010,UV-RES-FW-010 – CorruCore Packaging Ltd grade,REEL,12.0,buyer units,12.0,MASTER,CONFIRMED,DIRECT,0.65
SP-040,SUP-002,SKU-011,B-011,LP Item 011,HS-WRAP-LP-011 – CorruCore Packaging Ltd grade,BOX,25.0,buyer units,25.0,MASTER,CONFIRMED,DIRECT,0.99
SP-041,SUP-002,SKU-013,B-013,CB Item 013,S-PLY-3-CB-013 – CorruCore Packaging Ltd grade,BOX,200.0,buyer units,200.0,MASTER,CONFIRMED,DIRECT,0.67
SP-042,SUP-002,SKU-015,B-015,ST Item 015,FB-38-ST-015 – CorruCore Packaging Ltd grade,CARTON,50.0,buyer units,50.0,MASTER,CONFIRMED,DIRECT,0.67
SP-043,SUP-002,SKU-016,B-016,FW Item 016,UV-RES-FW-016 – CorruCore Packaging Ltd grade,REEL,12.0,buyer units,12.0,MASTER,CONFIRMED,DIRECT,0.8
SP-044,SUP-002,SKU-018,B-018,SS Item 018,EK-31-SS-018 – CorruCore Packaging Ltd grade,BAG,1.0,BAG,1.0,MASTER,AI_SUGGESTED,DIRECT,0.91
SP-045,SUP-002,SKU-020,B-020,FP Item 020,S-PLY-5-FP-020 – CorruCore Packaging Ltd grade,CARTON,25.0,buyer units,25.0,MASTER,CONFIRMED,DIRECT,0.81
SP-046,SUP-002,SKU-021,B-021,ST Item 021,FB-38-ST-021 – CorruCore Packaging Ltd grade,BOX,200.0,buyer units,200.0,MASTER,CONFIRMED,DIRECT,0.89
SP-047,SUP-002,SKU-023,B-023,LP Item 023,HS-WRAP-LP-023 – CorruCore Packaging Ltd grade,BOX,50.0,buyer units,50.0,MASTER,CONFIRMED,DIRECT,0.71
SP-048,SUP-002,SKU-025,B-025,CB Item 025,S-PLY-3-CB-025 – CorruCore Packaging Ltd grade,CARTON,500.0,buyer units,500.0,MASTER,CONFIRMED,DIRECT,0.95
SP-049,SUP-002,SKU-026,B-026,FP Item 026,S-PLY-5-FP-026 – CorruCore Packaging Ltd grade,BOX,100.0,buyer units,100.0,MASTER,CONFIRMED,DIRECT,0.7
SP-050,SUP-002,SKU-028,B-028,FW Item 028,UV-RES-FW-028 – CorruCore Packaging Ltd grade,REEL,12.0,buyer units,12.0,MASTER,CONFIRMED,DIRECT,0.78
SP-051,SUP-002,SKU-030,B-030,SS Item 030,EK-31-SS-030 – CorruCore Packaging Ltd grade,BAG,1.0,BAG,1.0,MASTER,CONFIRMED,DIRECT,0.93
SP-052,SUP-002,SKU-031,B-031,CB Item 031,S-PLY-3-CB-031 – CorruCore Packaging Ltd grade,BOX,50.0,buyer units,50.0,MASTER,CONFIRMED,DIRECT,0.77
SP-053,SUP-002,SKU-033,B-033,ST Item 033,FB-38-ST-033 – CorruCore Packaging Ltd grade,BOX,500.0,buyer units,500.0,MASTER,CONFIRMED,DIRECT,0.64
SP-054,SUP-002,SKU-035,B-035,LP Item 035,HS-WRAP-LP-035 – CorruCore Packaging Ltd grade,CARTON,100.0,buyer units,100.0,MASTER,CONFIRMED,DIRECT,0.89
SP-055,SUP-002,SKU-036,B-036,SS Item 036,EK-31-SS-036 – CorruCore Packaging Ltd grade,BAG,1.0,BAG,1.0,MASTER,UNRESOLVED,DIRECT,0.65
SP-056,SUP-002,SKU-038,B-038,FP Item 038,S-PLY-5-FP-038 – CorruCore Packaging Ltd grade,BOX,200.0,buyer units,200.0,MASTER,CONFIRMED,DIRECT,0.78
SP-057,SUP-002,SKU-040,B-040,FW Item 040,UV-RES-FW-040 – CorruCore Packaging Ltd grade,REEL,12.0,buyer units,12.0,MASTER,CONFIRMED,DIRECT,0.75
SP-058,SUP-002,SKU-041,B-041,LP Item 041,HS-WRAP-LP-041 – CorruCore Packaging Ltd grade,BOX,500.0,buyer units,500.0,MASTER,CONFIRMED,DIRECT,0.81
SP-059,SUP-002,SKU-043,B-043,CB Item 043,S-PLY-3-CB-043 – CorruCore Packaging Ltd grade,BOX,100.0,buyer units,100.0,MASTER,CONFIRMED,DIRECT,0.67
SP-060,SUP-002,SKU-045,B-045,ST Item 045,FB-38-ST-045 – CorruCore Packaging Ltd grade,CARTON,25.0,buyer units,25.0,MASTER,CONFIRMED,DIRECT,0.97
SP-061,SUP-002,SKU-046,B-046,FW Item 046,UV-RES-FW-046 – CorruCore Packaging Ltd grade,REEL,12.0,buyer units,12.0,MASTER,CONFIRMED,DIRECT,0.93
SP-062,SUP-002,SKU-048,B-048,SS Item 048,EK-31-SS-048 – CorruCore Packaging Ltd grade,BAG,1.0,BAG,1.0,MASTER,CONFIRMED,DIRECT,0.83
SP-063,SUP-002,SKU-017,B-017,LP Item 017,HS-WRAP-LP-017 – CorruCore Packaging Ltd grade,CARTON,500.0,buyer units,500.0,MASTER,CONFIRMED,DIRECT,0.73
SP-064,SUP-002,SKU-019,B-019,CB Item 019,S-PLY-3-CB-019 – CorruCore Packaging Ltd grade,BOX,100.0,buyer units,100.0,MASTER,CONFIRMED,DIRECT,0.77
SP-065,SUP-003,SKU-002,C-002,FP Item 002,S-PLY-5-FP-002 – GlobalBox Trading Co grade,BOX,25.0,buyer units,25.0,MASTER,CONFIRMED,DIRECT,0.72
SP-066,SUP-003,SKU-003,C-003,ST Item 003,FB-38-ST-003 – GlobalBox Trading Co grade,CARTON,200.0,buyer units,200.0,MASTER,AI_SUGGESTED,DIRECT,0.77
SP-067,SUP-003,SKU-005,C-005,LP Item 005,HS-WRAP-LP-005 – GlobalBox Trading Co grade,BOX,50.0,buyer units,50.0,MASTER,CONFIRMED,DIRECT,0.81
SP-068,SUP-003,SKU-006,C-006,SS Item 006,EK-31-SS-006 – GlobalBox Trading Co grade,BAG,1.0,BAG,1.0,MASTER,CONFIRMED,DIRECT,0.9
SP-069,SUP-003,SKU-007,C-007,CB Item 007,S-PLY-3-CB-007 – GlobalBox Trading Co grade,CARTON,100.0,buyer units,100.0,MASTER,CONFIRMED,DIRECT,0.66
SP-070,SUP-003,SKU-008,C-008,FP Item 008,S-PLY-5-FP-008 – GlobalBox Trading Co grade,BOX,25.0,buyer units,25.0,MASTER,CONFIRMED,DIRECT,0.97
SP-071,SUP-003,SKU-010,C-010,FW Item 010,UV-RES-FW-010 – GlobalBox Trading Co grade,REEL,12.0,buyer units,12.0,MASTER,CONFIRMED,DIRECT,0.96
SP-072,SUP-003,SKU-011,C-011,LP Item 011,HS-WRAP-LP-011 – GlobalBox Trading Co grade,CARTON,50.0,buyer units,50.0,MASTER,CONFIRMED,DIRECT,0.82
SP-073,SUP-003,SKU-013,C-013,CB Item 013,S-PLY-3-CB-013 – GlobalBox Trading Co grade,BOX,500.0,buyer units,500.0,MASTER,CONFIRMED,DIRECT,0.83
SP-074,SUP-003,SKU-015,C-015,ST Item 015,FB-38-ST-015 – GlobalBox Trading Co grade,BOX,100.0,buyer units,100.0,MASTER,CONFIRMED,DIRECT,0.65
SP-075,SUP-003,SKU-016,C-016,FW Item 016,UV-RES-FW-016 – GlobalBox Trading Co grade,REEL,12.0,buyer units,12.0,MASTER,CONFIRMED,DIRECT,0.7
SP-076,SUP-003,SKU-018,C-018,SS Item 018,EK-31-SS-018 – GlobalBox Trading Co grade,BAG,1.0,BAG,1.0,MASTER,CONFIRMED,DIRECT,0.64
SP-077,SUP-003,SKU-020,C-020,FP Item 020,S-PLY-5-FP-020 – GlobalBox Trading Co grade,BOX,50.0,buyer units,50.0,MASTER,AI_SUGGESTED,DIRECT,0.66
SP-078,SUP-003,SKU-021,C-021,ST Item 021,FB-38-ST-021 – GlobalBox Trading Co grade,CARTON,500.0,buyer units,500.0,MASTER,CONFIRMED,DIRECT,0.89
SP-079,SUP-003,SKU-023,C-023,LP Item 023,HS-WRAP-LP-023 – GlobalBox Trading Co grade,BOX,100.0,buyer units,100.0,MASTER,CONFIRMED,DIRECT,0.7
SP-080,SUP-003,SKU-025,C-025,CB Item 025,S-PLY-3-CB-025 – GlobalBox Trading Co grade,BOX,25.0,buyer units,25.0,MASTER,CONFIRMED,DIRECT,0.88
SP-081,SUP-003,SKU-026,C-026,FP Item 026,S-PLY-5-FP-026 – GlobalBox Trading Co grade,CARTON,200.0,buyer units,200.0,MASTER,CONFIRMED,DIRECT,0.92
SP-082,SUP-003,SKU-028,C-028,FW Item 028,UV-RES-FW-028 – GlobalBox Trading Co grade,REEL,12.0,buyer units,12.0,MASTER,CONFIRMED,DIRECT,0.78
SP-083,SUP-003,SKU-030,C-030,SS Item 030,EK-31-SS-030 – GlobalBox Trading Co grade,BAG,1.0,BAG,1.0,MASTER,CONFIRMED,DIRECT,0.88
SP-084,SUP-003,SKU-031,C-031,CB Item 031,S-PLY-3-CB-031 – GlobalBox Trading Co grade,CARTON,100.0,buyer units,100.0,MASTER,CONFIRMED,DIRECT,0.84
SP-085,SUP-003,SKU-033,C-033,ST Item 033,FB-38-ST-033 – GlobalBox Trading Co grade,BOX,25.0,buyer units,25.0,MASTER,CONFIRMED,DIRECT,0.86
SP-086,SUP-003,SKU-035,C-035,LP Item 035,HS-WRAP-LP-035 – GlobalBox Trading Co grade,BOX,200.0,buyer units,200.0,MASTER,CONFIRMED,DIRECT,0.84
SP-087,SUP-003,SKU-036,C-036,SS Item 036,EK-31-SS-036 – GlobalBox Trading Co grade,BAG,1.0,BAG,1.0,MASTER,CONFIRMED,DIRECT,0.86
SP-088,SUP-003,SKU-038,C-038,FP Item 038,S-PLY-5-FP-038 – GlobalBox Trading Co grade,BOX,500.0,buyer units,500.0,MASTER,AI_SUGGESTED,DIRECT,0.68
SP-089,SUP-003,SKU-040,C-040,FW Item 040,UV-RES-FW-040 – GlobalBox Trading Co grade,REEL,12.0,buyer units,12.0,MASTER,CONFIRMED,DIRECT,1.0
SP-090,SUP-003,SKU-041,C-041,LP Item 041,HS-WRAP-LP-041 – GlobalBox Trading Co grade,CARTON,25.0,buyer units,25.0,MASTER,CONFIRMED,DIRECT,0.7
SP-091,SUP-003,SKU-043,C-043,CB Item 043,S-PLY-3-CB-043 – GlobalBox Trading Co grade,BOX,200.0,buyer units,200.0,MASTER,CONFIRMED,DIRECT,0.67
SP-092,SUP-003,SKU-045,C-045,ST Item 045,FB-38-ST-045 – GlobalBox Trading Co grade,BOX,50.0,buyer units,50.0,MASTER,CONFIRMED,DIRECT,0.71
SP-093,SUP-003,SKU-046,C-046,FW Item 046,UV-RES-FW-046 – GlobalBox Trading Co grade,REEL,12.0,buyer units,12.0,MASTER,CONFIRMED,DIRECT,0.93
SP-094,SUP-003,SKU-048,C-048,SS Item 048,EK-31-SS-048 – GlobalBox Trading Co grade,BAG,1.0,BAG,1.0,MASTER,CONFIRMED,DIRECT,0.99
SP-095,SUP-003,SKU-029,C-029,LP Item 029,HS-WRAP-LP-029 – GlobalBox Trading Co grade,BOX,25.0,buyer units,25.0,MASTER,CONFIRMED,DIRECT,1.0
SP-096,SUP-003,SKU-032,C-032,FP Item 032,S-PLY-5-FP-032 – GlobalBox Trading Co grade,CARTON,200.0,buyer units,200.0,MASTER,CONFIRMED,DIRECT,0.67
SP-097,SUP-004,SKU-002,D-002,FP Item 002,S-PLY-5-FP-002 – SwiftBox Crafts grade,BOX,50.0,buyer units,50.0,MASTER,CONFIRMED,DIRECT,0.77
SP-098,SUP-004,SKU-003,D-003,ST Item 003,FB-38-ST-003 – SwiftBox Crafts grade,BOX,500.0,buyer units,500.0,MASTER,CONFIRMED,DIRECT,0.91
SP-099,SUP-004,SKU-005,D-005,LP Item 005,HS-WRAP-LP-005 – SwiftBox Crafts grade,CARTON,100.0,buyer units,100.0,MASTER,AI_SUGGESTED,DIRECT,0.66
SP-100,SUP-004,SKU-006,D-006,SS Item 006,EK-31-SS-006 – SwiftBox Crafts grade,BAG,1.0,BAG,1.0,MASTER,CONFIRMED,DIRECT,0.78
SP-101,SUP-004,SKU-007,D-007,CB Item 007,S-PLY-3-CB-007 – SwiftBox Crafts grade,BOX,200.0,buyer units,200.0,MASTER,CONFIRMED,DIRECT,0.84
SP-102,SUP-004,SKU-008,D-008,FP Item 008,S-PLY-5-FP-008 – SwiftBox Crafts grade,CARTON,50.0,buyer units,50.0,MASTER,CONFIRMED,DIRECT,0.72
SP-103,SUP-004,SKU-010,D-010,FW Item 010,UV-RES-FW-010 – SwiftBox Crafts grade,REEL,12.0,buyer units,12.0,MASTER,CONFIRMED,DIRECT,0.73
SP-104,SUP-004,SKU-011,D-011,LP Item 011,HS-WRAP-LP-011 – SwiftBox Crafts grade,BOX,100.0,buyer units,100.0,MASTER,CONFIRMED,DIRECT,0.8
SP-105,SUP-004,SKU-013,D-013,CB Item 013,S-PLY-3-CB-013 – SwiftBox Crafts grade,CARTON,25.0,buyer units,25.0,MASTER,CONFIRMED,DIRECT,0.67
SP-106,SUP-004,SKU-015,D-015,ST Item 015,FB-38-ST-015 – SwiftBox Crafts grade,BOX,200.0,buyer units,200.0,MASTER,CONFIRMED,DIRECT,0.96
SP-107,SUP-004,SKU-016,D-016,FW Item 016,UV-RES-FW-016 – SwiftBox Crafts grade,REEL,12.0,buyer units,12.0,MASTER,CONFIRMED,DIRECT,0.8
SP-108,SUP-004,SKU-018,D-018,SS Item 018,EK-31-SS-018 – SwiftBox Crafts grade,BAG,1.0,BAG,1.0,MASTER,CONFIRMED,DIRECT,0.68
SP-109,SUP-004,SKU-020,D-020,FP Item 020,S-PLY-5-FP-020 – SwiftBox Crafts grade,BOX,100.0,buyer units,100.0,MASTER,CONFIRMED,DIRECT,0.81
SP-110,SUP-004,SKU-021,D-021,ST Item 021,FB-38-ST-021 – SwiftBox Crafts grade,BOX,25.0,buyer units,25.0,MASTER,UNRESOLVED,DIRECT,0.76
SP-111,SUP-004,SKU-023,D-023,LP Item 023,HS-WRAP-LP-023 – SwiftBox Crafts grade,CARTON,200.0,buyer units,200.0,MASTER,CONFIRMED,DIRECT,0.86
SP-112,SUP-004,SKU-025,D-025,CB Item 025,S-PLY-3-CB-025 – SwiftBox Crafts grade,BOX,50.0,buyer units,50.0,MASTER,CONFIRMED,DIRECT,0.65
SP-113,SUP-004,SKU-026,D-026,FP Item 026,S-PLY-5-FP-026 – SwiftBox Crafts grade,BOX,500.0,buyer units,500.0,MASTER,CONFIRMED,DIRECT,0.76
SP-114,SUP-004,SKU-028,D-028,FW Item 028,UV-RES-FW-028 – SwiftBox Crafts grade,REEL,12.0,buyer units,12.0,MASTER,CONFIRMED,DIRECT,0.65
SP-115,SUP-004,SKU-030,D-030,SS Item 030,EK-31-SS-030 – SwiftBox Crafts grade,BAG,1.0,BAG,1.0,MASTER,CONFIRMED,DIRECT,0.85
SP-116,SUP-004,SKU-031,D-031,CB Item 031,S-PLY-3-CB-031 – SwiftBox Crafts grade,BOX,200.0,buyer units,200.0,MASTER,CONFIRMED,DIRECT,0.81
SP-117,SUP-004,SKU-033,D-033,ST Item 033,FB-38-ST-033 – SwiftBox Crafts grade,CARTON,50.0,buyer units,50.0,MASTER,CONFIRMED,DIRECT,0.92
SP-118,SUP-004,SKU-035,D-035,LP Item 035,HS-WRAP-LP-035 – SwiftBox Crafts grade,BOX,500.0,buyer units,500.0,MASTER,CONFIRMED,DIRECT,0.86
SP-119,SUP-004,SKU-036,D-036,SS Item 036,EK-31-SS-036 – SwiftBox Crafts grade,BAG,1.0,BAG,1.0,MASTER,CONFIRMED,DIRECT,0.82
SP-120,SUP-004,SKU-038,D-038,FP Item 038,S-PLY-5-FP-038 – SwiftBox Crafts grade,CARTON,25.0,buyer units,25.0,MASTER,CONFIRMED,DIRECT,0.86
SP-121,SUP-004,SKU-040,D-040,FW Item 040,UV-RES-FW-040 – SwiftBox Crafts grade,REEL,12.0,buyer units,12.0,MASTER,AI_SUGGESTED,DIRECT,0.74
SP-122,SUP-004,SKU-041,D-041,LP Item 041,HS-WRAP-LP-041 – SwiftBox Crafts grade,BOX,50.0,buyer units,50.0,MASTER,CONFIRMED,DIRECT,0.82
SP-123,SUP-004,SKU-043,D-043,CB Item 043,S-PLY-3-CB-043 – SwiftBox Crafts grade,CARTON,500.0,buyer units,500.0,MASTER,CONFIRMED,DIRECT,0.77
SP-124,SUP-004,SKU-045,D-045,ST Item 045,FB-38-ST-045 – SwiftBox Crafts grade,BOX,100.0,buyer units,100.0,MASTER,CONFIRMED,DIRECT,0.79
SP-125,SUP-004,SKU-046,D-046,FW Item 046,UV-RES-FW-046 – SwiftBox Crafts grade,REEL,12.0,buyer units,12.0,MASTER,CONFIRMED,DIRECT,0.78
SP-126,SUP-004,SKU-048,D-048,SS Item 048,EK-31-SS-048 – SwiftBox Crafts grade,BAG,1.0,BAG,1.0,MASTER,CONFIRMED,DIRECT,0.62
SP-127,SUP-004,SKU-042,D-042,SS Item 042,EK-31-SS-042 – SwiftBox Crafts grade,BAG,1.0,BAG,1.0,MASTER,CONFIRMED,DIRECT,0.7
SP-128,SUP-004,SKU-044,D-044,FP Item 044,S-PLY-5-FP-044 – SwiftBox Crafts grade,BOX,500.0,buyer units,500.0,MASTER,CONFIRMED,DIRECT,0.84
SP-129,SUP-005,SKU-002,E-002,FP Item 002,S-PLY-5-FP-002 – EcoPack Solutions grade,CARTON,100.0,buyer units,100.0,MASTER,CONFIRMED,DIRECT,0.67
SP-130,SUP-005,SKU-003,E-003,ST Item 003,FB-38-ST-003 – EcoPack Solutions grade,BOX,25.0,buyer units,25.0,MASTER,CONFIRMED,DIRECT,0.76
SP-131,SUP-005,SKU-005,E-005,LP Item 005,HS-WRAP-LP-005 – EcoPack Solutions grade,BOX,200.0,buyer units,200.0,MASTER,CONFIRMED,DIRECT,0.93
SP-132,SUP-005,SKU-006,E-006,SS Item 006,EK-31-SS-006 – EcoPack Solutions grade,BAG,1.0,BAG,1.0,MASTER,AI_SUGGESTED,DIRECT,0.8
SP-133,SUP-005,SKU-007,E-007,CB Item 007,S-PLY-3-CB-007 – EcoPack Solutions grade,BOX,500.0,buyer units,500.0,MASTER,CONFIRMED,DIRECT,0.91
SP-134,SUP-005,SKU-008,E-008,FP Item 008,S-PLY-5-FP-008 – EcoPack Solutions grade,BOX,100.0,buyer units,100.0,MASTER,CONFIRMED,DIRECT,0.74
SP-135,SUP-005,SKU-010,E-010,FW Item 010,UV-RES-FW-010 – EcoPack Solutions grade,REEL,12.0,buyer units,12.0,MASTER,CONFIRMED,DIRECT,0.62
SP-136,SUP-005,SKU-011,E-011,LP Item 011,HS-WRAP-LP-011 – EcoPack Solutions grade,BOX,200.0,buyer units,200.0,MASTER,CONFIRMED,DIRECT,0.79
SP-137,SUP-005,SKU-013,E-013,CB Item 013,S-PLY-3-CB-013 – EcoPack Solutions grade,BOX,50.0,buyer units,50.0,MASTER,CONFIRMED,DIRECT,0.91
SP-138,SUP-005,SKU-015,E-015,ST Item 015,FB-38-ST-015 – EcoPack Solutions grade,CARTON,500.0,buyer units,500.0,MASTER,CONFIRMED,DIRECT,0.8
SP-139,SUP-005,SKU-016,E-016,FW Item 016,UV-RES-FW-016 – EcoPack Solutions grade,REEL,12.0,buyer units,12.0,MASTER,CONFIRMED,DIRECT,0.76
SP-140,SUP-005,SKU-018,E-018,SS Item 018,EK-31-SS-018 – EcoPack Solutions grade,BAG,1.0,BAG,1.0,MASTER,CONFIRMED,DIRECT,0.95
SP-141,SUP-005,SKU-020,E-020,FP Item 020,S-PLY-5-FP-020 – EcoPack Solutions grade,CARTON,200.0,buyer units,200.0,MASTER,CONFIRMED,DIRECT,0.76
SP-142,SUP-005,SKU-021,E-021,ST Item 021,FB-38-ST-021 – EcoPack Solutions grade,BOX,50.0,buyer units,50.0,MASTER,CONFIRMED,DIRECT,0.97
SP-143,SUP-005,SKU-023,E-023,LP Item 023,HS-WRAP-LP-023 – EcoPack Solutions grade,BOX,500.0,buyer units,500.0,MASTER,AI_SUGGESTED,DIRECT,0.9
SP-144,SUP-005,SKU-025,E-025,CB Item 025,S-PLY-3-CB-025 – EcoPack Solutions grade,CARTON,100.0,buyer units,100.0,MASTER,CONFIRMED,DIRECT,0.69
SP-145,SUP-005,SKU-026,E-026,FP Item 026,S-PLY-5-FP-026 – EcoPack Solutions grade,BOX,25.0,buyer units,25.0,MASTER,CONFIRMED,DIRECT,0.86
SP-146,SUP-005,SKU-028,E-028,FW Item 028,UV-RES-FW-028 – EcoPack Solutions grade,REEL,12.0,buyer units,12.0,MASTER,CONFIRMED,DIRECT,0.87
SP-147,SUP-005,SKU-030,E-030,SS Item 030,EK-31-SS-030 – EcoPack Solutions grade,BAG,1.0,BAG,1.0,MASTER,CONFIRMED,DIRECT,0.84
SP-148,SUP-005,SKU-031,E-031,CB Item 031,S-PLY-3-CB-031 – EcoPack Solutions grade,BOX,500.0,buyer units,500.0,MASTER,CONFIRMED,DIRECT,0.88
SP-149,SUP-005,SKU-033,E-033,ST Item 033,FB-38-ST-033 – EcoPack Solutions grade,BOX,100.0,buyer units,100.0,MASTER,CONFIRMED,DIRECT,0.77
SP-150,SUP-005,SKU-035,E-035,LP Item 035,HS-WRAP-LP-035 – EcoPack Solutions grade,CARTON,25.0,buyer units,25.0,MASTER,CONFIRMED,DIRECT,0.9
SP-151,SUP-005,SKU-036,E-036,SS Item 036,EK-31-SS-036 – EcoPack Solutions grade,BAG,1.0,BAG,1.0,MASTER,CONFIRMED,DIRECT,0.85
SP-152,SUP-005,SKU-038,E-038,FP Item 038,S-PLY-5-FP-038 – EcoPack Solutions grade,BOX,50.0,buyer units,50.0,MASTER,CONFIRMED,DIRECT,0.92
SP-153,SUP-005,SKU-040,E-040,FW Item 040,UV-RES-FW-040 – EcoPack Solutions grade,REEL,12.0,buyer units,12.0,MASTER,CONFIRMED,DIRECT,0.91
SP-154,SUP-005,SKU-041,E-041,LP Item 041,HS-WRAP-LP-041 – EcoPack Solutions grade,BOX,100.0,buyer units,100.0,MASTER,AI_SUGGESTED,DIRECT,0.85
SP-155,SUP-005,SKU-043,E-043,CB Item 043,S-PLY-3-CB-043 – EcoPack Solutions grade,BOX,25.0,buyer units,25.0,MASTER,CONFIRMED,DIRECT,0.82
SP-156,SUP-005,SKU-045,E-045,ST Item 045,FB-38-ST-045 – EcoPack Solutions grade,CARTON,200.0,buyer units,200.0,MASTER,CONFIRMED,DIRECT,0.71
SP-157,SUP-005,SKU-046,E-046,FW Item 046,UV-RES-FW-046 – EcoPack Solutions grade,REEL,12.0,buyer units,12.0,MASTER,CONFIRMED,DIRECT,0.66
SP-158,SUP-005,SKU-048,E-048,SS Item 048,EK-31-SS-048 – EcoPack Solutions grade,BAG,1.0,BAG,1.0,MASTER,CONFIRMED,DIRECT,0.81
SP-159,SUP-005,SKU-009,E-009,ST Item 009,FB-38-ST-009 – EcoPack Solutions grade,CARTON,100.0,buyer units,100.0,MASTER,CONFIRMED,DIRECT,0.81
SP-160,SUP-005,SKU-012,E-012,SS Item 012,EK-31-SS-012 – EcoPack Solutions grade,BAG,1.0,BAG,1.0,MASTER,CONFIRMED,DIRECT,0.76
SP-161,SUP-006,SKU-002,F-002,FP Item 002,S-PLY-5-FP-002 – PrimeBox Industries grade,BOX,200.0,buyer units,200.0,MASTER,CONFIRMED,DIRECT,0.81
SP-162,SUP-006,SKU-003,F-003,ST Item 003,FB-38-ST-003 – PrimeBox Industries grade,CARTON,50.0,buyer units,50.0,MASTER,CONFIRMED,DIRECT,0.95
SP-163,SUP-006,SKU-005,F-005,LP Item 005,HS-WRAP-LP-005 – PrimeBox Industries grade,BOX,500.0,buyer units,500.0,MASTER,CONFIRMED,DIRECT,0.95
SP-164,SUP-006,SKU-006,F-006,SS Item 006,EK-31-SS-006 – PrimeBox Industries grade,BAG,1.0,BAG,1.0,MASTER,CONFIRMED,DIRECT,0.96
SP-165,SUP-006,SKU-007,F-007,CB Item 007,S-PLY-3-CB-007 – PrimeBox Industries grade,CARTON,25.0,buyer units,25.0,MASTER,UNRESOLVED,DIRECT,0.67
SP-166,SUP-006,SKU-008,F-008,FP Item 008,S-PLY-5-FP-008 – PrimeBox Industries grade,BOX,200.0,buyer units,200.0,MASTER,CONFIRMED,DIRECT,0.7
SP-167,SUP-006,SKU-010,F-010,FW Item 010,UV-RES-FW-010 – PrimeBox Industries grade,REEL,12.0,buyer units,12.0,MASTER,CONFIRMED,DIRECT,0.95
SP-168,SUP-006,SKU-011,F-011,LP Item 011,HS-WRAP-LP-011 – PrimeBox Industries grade,CARTON,500.0,buyer units,500.0,MASTER,CONFIRMED,DIRECT,0.93
SP-169,SUP-006,SKU-013,F-013,CB Item 013,S-PLY-3-CB-013 – PrimeBox Industries grade,BOX,100.0,buyer units,100.0,MASTER,CONFIRMED,DIRECT,0.7
SP-170,SUP-006,SKU-015,F-015,ST Item 015,FB-38-ST-015 – PrimeBox Industries grade,BOX,25.0,buyer units,25.0,MASTER,CONFIRMED,DIRECT,0.92
SP-171,SUP-006,SKU-016,F-016,FW Item 016,UV-RES-FW-016 – PrimeBox Industries grade,REEL,12.0,buyer units,12.0,MASTER,CONFIRMED,DIRECT,0.63
SP-172,SUP-006,SKU-018,F-018,SS Item 018,EK-31-SS-018 – PrimeBox Industries grade,BAG,1.0,BAG,1.0,MASTER,CONFIRMED,DIRECT,0.77
SP-173,SUP-006,SKU-020,F-020,FP Item 020,S-PLY-5-FP-020 – PrimeBox Industries grade,BOX,500.0,buyer units,500.0,MASTER,CONFIRMED,DIRECT,0.86
SP-174,SUP-006,SKU-021,F-021,ST Item 021,FB-38-ST-021 – PrimeBox Industries grade,CARTON,100.0,buyer units,100.0,MASTER,CONFIRMED,DIRECT,0.77
SP-175,SUP-006,SKU-023,F-023,LP Item 023,HS-WRAP-LP-023 – PrimeBox Industries grade,BOX,25.0,buyer units,25.0,MASTER,CONFIRMED,DIRECT,0.94
SP-176,SUP-006,SKU-025,F-025,CB Item 025,S-PLY-3-CB-025 – PrimeBox Industries grade,BOX,200.0,buyer units,200.0,MASTER,AI_SUGGESTED,DIRECT,0.7
SP-177,SUP-006,SKU-026,F-026,FP Item 026,S-PLY-5-FP-026 – PrimeBox Industries grade,CARTON,50.0,buyer units,50.0,MASTER,CONFIRMED,DIRECT,0.68
SP-178,SUP-006,SKU-028,F-028,FW Item 028,UV-RES-FW-028 – PrimeBox Industries grade,REEL,12.0,buyer units,12.0,MASTER,CONFIRMED,DIRECT,0.79
SP-179,SUP-006,SKU-030,F-030,SS Item 030,EK-31-SS-030 – PrimeBox Industries grade,BAG,1.0,BAG,1.0,MASTER,CONFIRMED,DIRECT,0.72
SP-180,SUP-006,SKU-031,F-031,CB Item 031,S-PLY-3-CB-031 – PrimeBox Industries grade,CARTON,25.0,buyer units,25.0,MASTER,CONFIRMED,DIRECT,0.9
SP-181,SUP-006,SKU-033,F-033,ST Item 033,FB-38-ST-033 – PrimeBox Industries grade,BOX,200.0,buyer units,200.0,MASTER,CONFIRMED,DIRECT,0.88
SP-182,SUP-006,SKU-035,F-035,LP Item 035,HS-WRAP-LP-035 – PrimeBox Industries grade,BOX,50.0,buyer units,50.0,MASTER,CONFIRMED,DIRECT,0.66
SP-183,SUP-006,SKU-036,F-036,SS Item 036,EK-31-SS-036 – PrimeBox Industries grade,BAG,1.0,BAG,1.0,MASTER,CONFIRMED,DIRECT,0.69
SP-184,SUP-006,SKU-038,F-038,FP Item 038,S-PLY-5-FP-038 – PrimeBox Industries grade,BOX,100.0,buyer units,100.0,MASTER,CONFIRMED,DIRECT,0.64
SP-185,SUP-006,SKU-040,F-040,FW Item 040,UV-RES-FW-040 – PrimeBox Industries grade,REEL,12.0,buyer units,12.0,MASTER,CONFIRMED,DIRECT,0.98
SP-186,SUP-006,SKU-041,F-041,LP Item 041,HS-WRAP-LP-041 – PrimeBox Industries grade,CARTON,200.0,buyer units,200.0,MASTER,CONFIRMED,DIRECT,0.71
SP-187,SUP-006,SKU-043,F-043,CB Item 043,S-PLY-3-CB-043 – PrimeBox Industries grade,BOX,50.0,buyer units,50.0,MASTER,AI_SUGGESTED,DIRECT,0.69
SP-188,SUP-006,SKU-045,F-045,ST Item 045,FB-38-ST-045 – PrimeBox Industries grade,BOX,500.0,buyer units,500.0,MASTER,CONFIRMED,DIRECT,0.73
SP-189,SUP-006,SKU-046,F-046,FW Item 046,UV-RES-FW-046 – PrimeBox Industries grade,REEL,12.0,buyer units,12.0,MASTER,CONFIRMED,DIRECT,0.78
SP-190,SUP-006,SKU-048,F-048,SS Item 048,EK-31-SS-048 – PrimeBox Industries grade,BAG,1.0,BAG,1.0,MASTER,CONFIRMED,DIRECT,0.68
SP-191,SUP-006,SKU-022,F-022,FW Item 022,UV-RES-FW-022 – PrimeBox Industries grade,REEL,12.0,buyer units,12.0,MASTER,CONFIRMED,DIRECT,0.89
SP-192,SUP-006,SKU-024,F-024,SS Item 024,EK-31-SS-024 – PrimeBox Industries grade,BAG,1.0,BAG,1.0,MASTER,CONFIRMED,DIRECT,0.81
SP-193,SUP-007,SKU-002,G-002,FP Item 002,S-PLY-5-FP-002 – NovaPaper Mills grade,BOX,500.0,buyer units,500.0,MASTER,CONFIRMED,DIRECT,0.75
SP-194,SUP-007,SKU-003,G-003,ST Item 003,FB-38-ST-003 – NovaPaper Mills grade,BOX,100.0,buyer units,100.0,MASTER,CONFIRMED,DIRECT,0.99
SP-195,SUP-007,SKU-005,G-005,LP Item 005,HS-WRAP-LP-005 – NovaPaper Mills grade,CARTON,25.0,buyer units,25.0,MASTER,CONFIRMED,DIRECT,0.83
SP-196,SUP-007,SKU-006,G-006,SS Item 006,EK-31-SS-006 – NovaPaper Mills grade,BAG,1.0,BAG,1.0,MASTER,CONFIRMED,DIRECT,0.89
SP-197,SUP-007,SKU-007,G-007,CB Item 007,S-PLY-3-CB-007 – NovaPaper Mills grade,BOX,50.0,buyer units,50.0,MASTER,CONFIRMED,DIRECT,0.74
SP-198,SUP-007,SKU-008,G-008,FP Item 008,S-PLY-5-FP-008 – NovaPaper Mills grade,CARTON,500.0,buyer units,500.0,MASTER,AI_SUGGESTED,DIRECT,0.78
SP-199,SUP-007,SKU-010,G-010,FW Item 010,UV-RES-FW-010 – NovaPaper Mills grade,REEL,12.0,buyer units,12.0,MASTER,CONFIRMED,DIRECT,0.97
SP-200,SUP-007,SKU-011,G-011,LP Item 011,HS-WRAP-LP-011 – NovaPaper Mills grade,BOX,25.0,buyer units,25.0,MASTER,CONFIRMED,DIRECT,0.68
SP-201,SUP-007,SKU-013,G-013,CB Item 013,S-PLY-3-CB-013 – NovaPaper Mills grade,CARTON,200.0,buyer units,200.0,MASTER,CONFIRMED,DIRECT,0.99
SP-202,SUP-007,SKU-015,G-015,ST Item 015,FB-38-ST-015 – NovaPaper Mills grade,BOX,50.0,buyer units,50.0,MASTER,CONFIRMED,DIRECT,0.73
SP-203,SUP-007,SKU-016,G-016,FW Item 016,UV-RES-FW-016 – NovaPaper Mills grade,REEL,12.0,buyer units,12.0,MASTER,CONFIRMED,DIRECT,0.62
SP-204,SUP-007,SKU-018,G-018,SS Item 018,EK-31-SS-018 – NovaPaper Mills grade,BAG,1.0,BAG,1.0,MASTER,CONFIRMED,DIRECT,0.77
SP-205,SUP-007,SKU-020,G-020,FP Item 020,S-PLY-5-FP-020 – NovaPaper Mills grade,BOX,25.0,buyer units,25.0,MASTER,CONFIRMED,DIRECT,0.94
SP-206,SUP-007,SKU-021,G-021,ST Item 021,FB-38-ST-021 – NovaPaper Mills grade,BOX,200.0,buyer units,200.0,MASTER,CONFIRMED,DIRECT,0.85
SP-207,SUP-007,SKU-023,G-023,LP Item 023,HS-WRAP-LP-023 – NovaPaper Mills grade,CARTON,50.0,buyer units,50.0,MASTER,CONFIRMED,DIRECT,0.8
SP-208,SUP-007,SKU-025,G-025,CB Item 025,S-PLY-3-CB-025 – NovaPaper Mills grade,BOX,500.0,buyer units,500.0,MASTER,CONFIRMED,DIRECT,0.63
SP-209,SUP-007,SKU-026,G-026,FP Item 026,S-PLY-5-FP-026 – NovaPaper Mills grade,BOX,100.0,buyer units,100.0,MASTER,AI_SUGGESTED,DIRECT,0.82
SP-210,SUP-007,SKU-028,G-028,FW Item 028,UV-RES-FW-028 – NovaPaper Mills grade,REEL,12.0,buyer units,12.0,MASTER,CONFIRMED,DIRECT,1.0
SP-211,SUP-007,SKU-030,G-030,SS Item 030,EK-31-SS-030 – NovaPaper Mills grade,BAG,1.0,BAG,1.0,MASTER,CONFIRMED,DIRECT,0.93
SP-212,SUP-007,SKU-031,G-031,CB Item 031,S-PLY-3-CB-031 – NovaPaper Mills grade,BOX,50.0,buyer units,50.0,MASTER,CONFIRMED,DIRECT,0.94
SP-213,SUP-007,SKU-033,G-033,ST Item 033,FB-38-ST-033 – NovaPaper Mills grade,CARTON,500.0,buyer units,500.0,MASTER,CONFIRMED,DIRECT,0.64
SP-214,SUP-007,SKU-035,G-035,LP Item 035,HS-WRAP-LP-035 – NovaPaper Mills grade,BOX,100.0,buyer units,100.0,MASTER,CONFIRMED,DIRECT,0.69
SP-215,SUP-007,SKU-036,G-036,SS Item 036,EK-31-SS-036 – NovaPaper Mills grade,BAG,1.0,BAG,1.0,MASTER,CONFIRMED,DIRECT,0.74
SP-216,SUP-007,SKU-038,G-038,FP Item 038,S-PLY-5-FP-038 – NovaPaper Mills grade,CARTON,200.0,buyer units,200.0,MASTER,CONFIRMED,DIRECT,0.91
SP-217,SUP-007,SKU-040,G-040,FW Item 040,UV-RES-FW-040 – NovaPaper Mills grade,REEL,12.0,buyer units,12.0,MASTER,CONFIRMED,DIRECT,0.84
SP-218,SUP-007,SKU-041,G-041,LP Item 041,HS-WRAP-LP-041 – NovaPaper Mills grade,BOX,500.0,buyer units,500.0,MASTER,CONFIRMED,DIRECT,0.74
SP-219,SUP-007,SKU-043,G-043,CB Item 043,S-PLY-3-CB-043 – NovaPaper Mills grade,CARTON,100.0,buyer units,100.0,MASTER,CONFIRMED,DIRECT,0.64
SP-220,SUP-007,SKU-045,G-045,ST Item 045,FB-38-ST-045 – NovaPaper Mills grade,BOX,25.0,buyer units,25.0,MASTER,UNRESOLVED,DIRECT,0.74
SP-221,SUP-007,SKU-046,G-046,FW Item 046,UV-RES-FW-046 – NovaPaper Mills grade,REEL,12.0,buyer units,12.0,MASTER,CONFIRMED,DIRECT,0.87
SP-222,SUP-007,SKU-048,G-048,SS Item 048,EK-31-SS-048 – NovaPaper Mills grade,BAG,1.0,BAG,1.0,MASTER,CONFIRMED,DIRECT,0.85
SP-223,SUP-007,SKU-034,G-034,FW Item 034,UV-RES-FW-034 – NovaPaper Mills grade,REEL,12.0,buyer units,12.0,MASTER,CONFIRMED,DIRECT,0.97
SP-224,SUP-007,SKU-037,G-037,CB Item 037,S-PLY-3-CB-037 – NovaPaper Mills grade,BOX,100.0,buyer units,100.0,MASTER,CONFIRMED,DIRECT,0.85
SP-225,SUP-008,SKU-002,H-002,FP Item 002,S-PLY-5-FP-002 – Unicarton Exports grade,CARTON,25.0,buyer units,25.0,MASTER,CONFIRMED,DIRECT,0.89
SP-226,SUP-008,SKU-003,H-003,ST Item 003,FB-38-ST-003 – Unicarton Exports grade,BOX,200.0,buyer units,200.0,MASTER,CONFIRMED,DIRECT,0.62
SP-227,SUP-008,SKU-005,H-005,LP Item 005,HS-WRAP-LP-005 – Unicarton Exports grade,BOX,50.0,buyer units,50.0,MASTER,CONFIRMED,DIRECT,0.74
SP-228,SUP-008,SKU-006,H-006,SS Item 006,EK-31-SS-006 – Unicarton Exports grade,BAG,1.0,BAG,1.0,MASTER,CONFIRMED,DIRECT,0.66
SP-229,SUP-008,SKU-007,H-007,CB Item 007,S-PLY-3-CB-007 – Unicarton Exports grade,BOX,100.0,buyer units,100.0,MASTER,CONFIRMED,DIRECT,0.73
SP-230,SUP-008,SKU-008,H-008,FP Item 008,S-PLY-5-FP-008 – Unicarton Exports grade,BOX,25.0,buyer units,25.0,MASTER,CONFIRMED,DIRECT,0.91
SP-231,SUP-008,SKU-010,H-010,FW Item 010,UV-RES-FW-010 – Unicarton Exports grade,REEL,12.0,buyer units,12.0,MASTER,AI_SUGGESTED,DIRECT,0.82
SP-232,SUP-008,SKU-011,H-011,LP Item 011,HS-WRAP-LP-011 – Unicarton Exports grade,BOX,50.0,buyer units,50.0,MASTER,CONFIRMED,DIRECT,0.9
SP-233,SUP-008,SKU-013,H-013,CB Item 013,S-PLY-3-CB-013 – Unicarton Exports grade,BOX,500.0,buyer units,500.0,MASTER,CONFIRMED,DIRECT,0.96
SP-234,SUP-008,SKU-015,H-015,ST Item 015,FB-38-ST-015 – Unicarton Exports grade,CARTON,100.0,buyer units,100.0,MASTER,CONFIRMED,DIRECT,0.77
SP-235,SUP-008,SKU-016,H-016,FW Item 016,UV-RES-FW-016 – Unicarton Exports grade,REEL,12.0,buyer units,12.0,MASTER,CONFIRMED,DIRECT,0.78
SP-236,SUP-008,SKU-018,H-018,SS Item 018,EK-31-SS-018 – Unicarton Exports grade,BAG,1.0,BAG,1.0,MASTER,CONFIRMED,DIRECT,0.63
SP-237,SUP-008,SKU-020,H-020,FP Item 020,S-PLY-5-FP-020 – Unicarton Exports grade,CARTON,50.0,buyer units,50.0,MASTER,CONFIRMED,DIRECT,0.84
SP-238,SUP-008,SKU-021,H-021,ST Item 021,FB-38-ST-021 – Unicarton Exports grade,BOX,500.0,buyer units,500.0,MASTER,CONFIRMED,DIRECT,0.86
SP-239,SUP-008,SKU-023,H-023,LP Item 023,HS-WRAP-LP-023 – Unicarton Exports grade,BOX,100.0,buyer units,100.0,MASTER,CONFIRMED,DIRECT,0.99
SP-240,SUP-008,SKU-025,H-025,CB Item 025,S-PLY-3-CB-025 – Unicarton Exports grade,CARTON,25.0,buyer units,25.0,MASTER,CONFIRMED,DIRECT,0.74
SP-241,SUP-008,SKU-026,H-026,FP Item 026,S-PLY-5-FP-026 – Unicarton Exports grade,BOX,200.0,buyer units,200.0,MASTER,CONFIRMED,DIRECT,0.72
SP-242,SUP-008,SKU-028,H-028,FW Item 028,UV-RES-FW-028 – Unicarton Exports grade,REEL,12.0,buyer units,12.0,MASTER,AI_SUGGESTED,DIRECT,1.0
SP-243,SUP-008,SKU-030,H-030,SS Item 030,EK-31-SS-030 – Unicarton Exports grade,BAG,1.0,BAG,1.0,MASTER,CONFIRMED,DIRECT,0.64
SP-244,SUP-008,SKU-031,H-031,CB Item 031,S-PLY-3-CB-031 – Unicarton Exports grade,BOX,100.0,buyer units,100.0,MASTER,CONFIRMED,DIRECT,0.72
SP-245,SUP-008,SKU-033,H-033,ST Item 033,FB-38-ST-033 – Unicarton Exports grade,BOX,25.0,buyer units,25.0,MASTER,CONFIRMED,DIRECT,0.86
SP-246,SUP-008,SKU-035,H-035,LP Item 035,HS-WRAP-LP-035 – Unicarton Exports grade,CARTON,200.0,buyer units,200.0,MASTER,CONFIRMED,DIRECT,0.98
SP-247,SUP-008,SKU-036,H-036,SS Item 036,EK-31-SS-036 – Unicarton Exports grade,BAG,1.0,BAG,1.0,MASTER,CONFIRMED,DIRECT,0.71
SP-248,SUP-008,SKU-038,H-038,FP Item 038,S-PLY-5-FP-038 – Unicarton Exports grade,BOX,500.0,buyer units,500.0,MASTER,CONFIRMED,DIRECT,0.78
SP-249,SUP-008,SKU-040,H-040,FW Item 040,UV-RES-FW-040 – Unicarton Exports grade,REEL,12.0,buyer units,12.0,MASTER,CONFIRMED,DIRECT,0.92
